ITEMNMBR,VENDORID,VendorDesc,OfferPrice,VendorUOM,ITEMDESC,SystemCost,AvgSellingPrice,SourcingDiff,SourcingPct
GRPVIT                         ,A1SUPPLEMENTS  ,Vitamins                                                                                             ,0.0598,         ,Vitamins                                                                                             ,30.55952,,30.49972,99.80431629816175
GRPVIT                         ,SUPPLE         ,Vitamins                                                                                             ,0.08336,         ,Vitamins                                                                                             ,30.55952,,30.47616,99.72722084640073
NPKAVAIL                       ,PCSSALES       ,46% Urea Bulk Bags                                                                                   ,0.3545,         ,Avail                                                                                                ,16.07126,,15.716759999999999,97.79419908582152
NPKAVAIL                       ,TRADEMAR       ,46% Urea Bulk Bags                                                                                   ,0.3545,         ,Avail                                                                                                ,16.07126,,15.716759999999999,97.79419908582152
GPGANTEC01                     ,CHEMSPEC       ,Copper Count N                                                                                       ,11.75387,         ,Gantec Berry                                                                                         ,522.56,,510.80612999999994,97.75071379363135
GPGANTEC01                     ,MORSES ENT     ,                                                                                                     ,11.75387,         ,Gantec Berry                                                                                         ,522.56,,510.80612999999994,97.75071379363135
GPGANTEC01                     ,               ,                                                                                                     ,11.75387,         ,Gantec Berry                                                                                         ,522.56,,510.80612999999994,97.75071379363135
NO3NIDRY                       ,HARRELLS       ,                                                                                                     ,0.24,         ,Nickel Nitrate 19.8%                                                                                 ,6.52482,,6.28482,96.32173761115249
FLOCACHL00                     ,ECOPRODUCT     ,Calcium Chloride Liquid 13.7%                                                                        ,0.06996,         ,Dyna Flo Calcium Chloride                                                                            ,1.86601,,1.79605,96.25082395056832
FLOCACHL00                     ,BRENNTAG       ,                                                                                                     ,0.06996,         ,Dyna Flo Calcium Chloride                                                                            ,1.86601,,1.79605,96.25082395056832
FLOCACHL00                     ,TETRACHE       ,Calcium Chloride 12%                                                                                 ,0.06996,         ,Dyna Flo Calcium Chloride                                                                            ,1.86601,,1.79605,96.25082395056832
NPKAGROTAIN                    ,TRADEMAR       ,46% Urea Bulk Bags                                                                                   ,0.26,         ,Agrotain Ultra                                                                                       ,6.85591,,6.59591,96.20765150067606
NPKAGROTAIN                    ,PCSSALES       ,46% Urea Bulk Bags                                                                                   ,0.26,         ,Agrotain Ultra                                                                                       ,6.85591,,6.59591,96.20765150067606
FLOCACHL55                     ,TETRACHE       ,Calcium Chloride 12%                                                                                 ,0.06996,         ,Dyna Flo Calcium Chloride                                                                            ,1.7183,,1.64834,95.92853401617877
FLOCACHL55                     ,BRENNTAG       ,                                                                                                     ,0.06996,         ,Dyna Flo Calcium Chloride                                                                            ,1.7183,,1.64834,95.92853401617877
FLOCACHL55                     ,ECOPRODUCT     ,Calcium Chloride Liquid 13.7%                                                                        ,0.06996,         ,Dyna Flo Calcium Chloride                                                                            ,1.7183,,1.64834,95.92853401617877
GRPFOLIC                       ,QUIMICA        ,                                                                                                     ,1.42213,         ,Folic Acid Dry                                                                                       ,32.0,,30.57787,95.55584375000001
FLO021202                      ,NACHRSAL       ,                                                                                                     ,2.0257,         ,Dyna Flo K-Sil 0-2-12 w/ silicates                                                                   ,19.656,25.9,17.6303,89.69424094424095
FREIGHT CHARGE                 ,CHEMICAL       ,Freight Charge                                                                                       ,125.0,         ,Freight Charge                                                                                       ,1205.0,,1080.0,89.62655601659752
GRPASCORBIC                    ,QUIMICA        ,                                                                                                     ,1.42213,         ,Ascorbic Acid Dry                                                                                    ,12.50067,,11.07854,88.62356977665998
MISCAG                         ,BRENNTAG       ,Sulfochem SLS                                                                                        ,0.45,         ,Colloidal Silver                                                                                     ,3.59495,,3.1449499999999997,87.48244064590605
MISCAG                         ,VANWATER       ,Sulfochem SLS                                                                                        ,0.45,         ,Colloidal Silver                                                                                     ,3.59495,,3.1449499999999997,87.48244064590605
FLOZNCHL02                     ,ECOPRODUCT     ,Calcium Chloride Liquid 13.7%                                                                        ,1.807,         ,Dyna Flo Zinc Chloride Liquid 30.6%                                                                  ,12.336,,10.529,85.3518158236057
FLOZNCHL02                     ,BRENNTAG       ,                                                                                                     ,1.807,         ,Dyna Flo Zinc Chloride Liquid 30.6%                                                                  ,12.336,,10.529,85.3518158236057
FLOZNCHL02                     ,TETRACHE       ,Calcium Chloride 12%                                                                                 ,1.807,         ,Dyna Flo Zinc Chloride Liquid 30.6%                                                                  ,12.336,,10.529,85.3518158236057
GEOCARB62502                   ,OMEGAPROTEIN   ,Omega Grow Fish Emulsion 5-1-1                                                                       ,0.30618,         ,Vented/White- Carbotein 6-2-5  /  **** Do Not Use - use repack02 in talls only                       ,1.94,,1.63382,84.21752577319587
ZZ250GAL                       ,CROPPROD       ,250 Gallon IBC                                                                                       ,20.0,         ,250 Gallon IBC                                                                                       ,125.0,143.333333,105.0,84.0
GRPNANOPRO02                   ,AEFGLOBAL      ,FungOut                                                                                              ,12.0,         ,NanoPro                                                                                              ,72.0,,60.0,83.33333333333334
GPNZONE                        ,AEFGLOBAL      ,BerryCare                                                                                            ,12.0,         ,N Zone                                                                                               ,72.0,76.799745,60.0,83.33333333333334
PHURYPHOS00                    ,THEANDERSONS   ,pHury / Ulti-Mate                                                                                    ,1.0374,         ,pHury Phos                                                                                           ,6.10811,,5.07071,83.01602295963892
PHURYPHOS00                    ,PRODICAL       ,                                                                                                     ,1.0374,         ,pHury Phos                                                                                           ,6.10811,,5.07071,83.01602295963892
FLOFULVIC250                   ,TESSENDE       ,                                                                                                     ,3.99681,         ,Dyna Flo Fulvic Acid Liquid 30%                                                                      ,23.4942,,19.49739,82.98809919043849
NPKPHOSDRYCDI                  ,PCSSALES       ,Phosphoric Acid 75%                                                                                  ,0.43902,         ,Phosphorous Acid 99% P2O5 85%                                                                        ,2.2,,1.7609800000000002,80.04454545454546
NPKPHOSDRYCDI                  ,BELLCHEM       ,Phosphoric Acid 75%                                                                                  ,0.43902,         ,Phosphorous Acid 99% P2O5 85%                                                                        ,2.2,,1.7609800000000002,80.04454545454546
NPKPHOSDRYCDI                  ,CROPPROD       ,Phosphoric Acid 75%                                                                                  ,0.43902,         ,Phosphorous Acid 99% P2O5 85%                                                                        ,2.2,,1.7609800000000002,80.04454545454546
NPKPHOSDRYCDI                  ,NACHRSAL       ,Phosphoric Acid 75%                                                                                  ,0.43902,         ,Phosphorous Acid 99% P2O5 85%                                                                        ,2.2,,1.7609800000000002,80.04454545454546
NPKPHOSDRYCDI                  ,"CHEMSOL, LLC   ",Phosphoric Acid 75%                                                                                  ,0.43902,         ,Phosphorous Acid 99% P2O5 85%                                                                        ,2.2,,1.7609800000000002,80.04454545454546
NPKPHOSDRYCDI                  ,FANGCHEMICAL   ,Phosphoric Acid 75%                                                                                  ,0.43902,         ,Phosphorous Acid 99% P2O5 85%                                                                        ,2.2,,1.7609800000000002,80.04454545454546
NPKPHOSDRYCDI                  ,UNITEDSU       ,Phosphoric Acid 75%                                                                                  ,0.43902,         ,Phosphorous Acid 99% P2O5 85%                                                                        ,2.2,,1.7609800000000002,80.04454545454546
NPKPHOSDRYCDI                  ,VALUDORPRODUCTS,Phosphoric Acid 75%                                                                                  ,0.43902,LBS      ,Phosphorous Acid 99% P2O5 85%                                                                        ,2.2,,1.7609800000000002,80.04454545454546
NPKPHOSDRYCDI                  ,BRENNTAG       ,                                                                                                     ,0.43902,         ,Phosphorous Acid 99% P2O5 85%                                                                        ,2.2,,1.7609800000000002,80.04454545454546
NPKPHOSDRYCDI                  ,INDUSTR1       ,                                                                                                     ,0.43902,         ,Phosphorous Acid 99% P2O5 85%                                                                        ,2.2,,1.7609800000000002,80.04454545454546
SEP4E140402                    ,OMEGAPROTEIN   ,Omega Grow Fish Emulsion 5-1-1                                                                       ,1.07285,         ,4 Ever Green 14-0-4                                                                                  ,5.24994,,4.17709,79.56452835651456
ZZ5GALTH                       ,               ,                                                                                                     ,2.68,         ,5 Gallon Jug - White/Tite Head                                                                       ,13.09,,10.41,79.52635599694423
ZZ5GALTH                       ,ROPAK          ,                                                                                                     ,2.68,         ,5 Gallon Jug - White/Tite Head                                                                       ,13.09,,10.41,79.52635599694423
ZZ5GALTH                       ,PENNBOTT       ,White 5 gallon Pails                                                                                 ,2.68,         ,5 Gallon Jug - White/Tite Head                                                                       ,13.09,,10.41,79.52635599694423
ZZ5GALTH                       ,ALLAMERI       ,5 gallon Camo Pails                                                                                  ,2.68,         ,5 Gallon Jug - White/Tite Head                                                                       ,13.09,,10.41,79.52635599694423
ZZ5GALTH                       ,SMITH CONTAINER,                                                                                                     ,2.68,         ,5 Gallon Jug - White/Tite Head                                                                       ,13.09,,10.41,79.52635599694423
EDTAFEHE                       ,TTECHCOR       ,Iron EDTAHE Chelate 10.6/ppg                                                                         ,0.3401,         ,Iron HEDTA 4.5% Liquid                                                                               ,1.65,,1.3098999999999998,79.38787878787879
SEP4E1404250                   ,OMEGAPROTEIN   ,Omega Grow Fish Emulsion 5-1-1                                                                       ,1.07285,         ,4 Ever Green 14-0-4                                                                                  ,4.92643,,3.85358,78.22256684861046
SEP4EPL02                      ,OMEGAPROTEIN   ,Omega Grow Fish Emulsion 5-1-1                                                                       ,1.07285,         ,4 Ever Green Plex                                                                                    ,4.8056,,3.7327500000000002,77.67500416181122
EDTACA                         ,               ,                                                                                                     ,1.80959,         ,Calcium EDTA 9.5%                                                                                    ,8.0,,6.19041,77.38012499999999
EDTACA                         ,TIGERSUN       ,                                                                                                     ,1.80959,         ,Calcium EDTA 9.5%                                                                                    ,8.0,,6.19041,77.38012499999999
EDTACA                         ,NACHRSAL       ,Iron HEDTA 4.5% Liquid                                                                               ,1.80959,         ,Calcium EDTA 9.5%                                                                                    ,8.0,,6.19041,77.38012499999999
EDTACA                         ,UNITEDSU       ,Iron HEDTA 4.5% Liquid                                                                               ,1.80959,LBS      ,Calcium EDTA 9.5%                                                                                    ,8.0,,6.19041,77.38012499999999
EDTACA                         ,TTECHCOR       ,Iron EDTAHE Chelate 10.6/ppg                                                                         ,1.80959,         ,Calcium EDTA 9.5%                                                                                    ,8.0,,6.19041,77.38012499999999
SEP4E183602                    ,OMEGAPROTEIN   ,Omega Grow Fish Emulsion 5-1-1                                                                       ,1.07285,         ,4 Ever Green 18-3-6                                                                                  ,4.69624,,3.6233900000000006,77.15512835800556
ZZLIDS                         ,ROPAK          ,                                                                                                     ,0.9,         ,Lids for 5 Gallon White Pails                                                                        ,3.59029,,2.69029,74.93238707736701
OXZN                           ,IMPERIAL       ,                                                                                                     ,0.54,         ,Zinc Oxide 99.9% as ZnO                                                                              ,1.98745,,1.44745,72.82950514478351
"3"" EPDM GASKET  B300G          ",CHEMICAL       ,"3"" EPDM Gasket  (B300G)                                                                              ",1.04,         ,"3"" EPDM Gasket  (B300G)                                                                              ",3.75,,2.71,72.26666666666667
MISCKSORB                      ,OCCIDENT       ,Sodium Hydroxide (dry caustic soda)                                                                  ,0.52,         ,Potassium Sorbate Solution                                                                           ,1.81,,1.29,71.27071823204419
MISCKSORB                      ,VANWATER       ,                                                                                                     ,0.52,         ,Potassium Sorbate Solution                                                                           ,1.81,,1.29,71.27071823204419
MISCKSORB                      ,LA CHEMICAL CO ,Sodium Hydroxide (dry caustic soda)                                                                  ,0.52,         ,Potassium Sorbate Solution                                                                           ,1.81,,1.29,71.27071823204419
MISCKSORB                      ,BELLCHEM       ,                                                                                                     ,0.52,         ,Potassium Sorbate Solution                                                                           ,1.81,,1.29,71.27071823204419
MISCKSORB                      ,CFSENTERPRISES ,Sodium Hydroxide (dry caustic soda)                                                                  ,0.52,LBS      ,Potassium Sorbate Solution                                                                           ,1.81,,1.29,71.27071823204419
MISCKSORB                      ,HILL CHEM      ,Sodium Hydroxide (dry caustic soda)                                                                  ,0.52,LBS      ,Potassium Sorbate Solution                                                                           ,1.81,,1.29,71.27071823204419
MISCKSORB                      ,               ,                                                                                                     ,0.52,         ,Potassium Sorbate Solution                                                                           ,1.81,,1.29,71.27071823204419
MISCKSORB                      ,PCCHEMICALS    ,Sodium Hydroxide (dry caustic soda)                                                                  ,0.52,LBS      ,Potassium Sorbate Solution                                                                           ,1.81,,1.29,71.27071823204419
MISCKSORB                      ,BRENNTAG       ,Sodium Hydroxide                                                                                     ,0.52,         ,Potassium Sorbate Solution                                                                           ,1.81,,1.29,71.27071823204419
MISCKSORB                      ,BAYCHEMI       ,                                                                                                     ,0.52,         ,Potassium Sorbate Solution                                                                           ,1.81,,1.29,71.27071823204419
SEP4EMG02                      ,OMEGAPROTEIN   ,Omega Grow Fish Emulsion 5-1-1                                                                       ,1.07285,         ,4 Ever Green Magnesium 4%                                                                            ,3.7297,,2.6568499999999995,71.23495187280477
SEP4EMIC02                     ,OMEGAPROTEIN   ,Omega Grow Fish Emulsion 5-1-1                                                                       ,1.07285,         ,4 Ever Micro Green                                                                                   ,3.69528,,2.6224299999999996,70.96701738433893
SO4NIDRY                       ,PALMINTERNATION,Nickel Sulfate 10%                                                                                   ,1.23727,LBS      ,Nickel Sulfate 22%                                                                                   ,4.21818,,2.98091,70.66815546041184
SO4NIDRY                       ,BRENNTAG       ,Nickel Sulfate 10%                                                                                   ,1.23727,LBS      ,Nickel Sulfate 22%                                                                                   ,4.21818,,2.98091,70.66815546041184
MISCBTERGE                     ,BREWER         ,                                                                                                     ,0.85971,         ,Bio Terge PAS-8S                                                                                     ,2.90333,,2.0436199999999998,70.38882937867896
PARTS FOR REPAIR WORK (MISC)   ,ELITEFLEETSVC  ,Misc. parts for Safety Certification                                                                 ,679.69,         ,Misc. parts for Safety Certification                                                                 ,2266.89,,1587.1999999999998,70.01663071432668
SEP4EMN02                      ,OMEGAPROTEIN   ,Omega Grow Fish Emulsion 5-1-1                                                                       ,1.07285,         ,4 Ever Green Manganese 5%                                                                            ,3.57719,,2.50434,70.00858215526713
GRPASCORBIC                    ,UNIVAR         ,Ascorbic Acid Dry                                                                                    ,3.75788,         ,Ascorbic Acid Dry                                                                                    ,12.50067,,8.74279,69.93857129257871
PHURYMG02                      ,THEANDERSONS   ,pHury / Ulti-Mate                                                                                    ,1.67417,         ,pHury w/Magnesium                                                                                    ,5.536,11.25,3.8618299999999994,69.75848988439306
PHURYMG02                      ,PRODICAL       ,                                                                                                     ,1.67417,         ,pHury w/Magnesium                                                                                    ,5.536,11.25,3.8618299999999994,69.75848988439306
MISCDEFOAM                     ,BAYCHEMI       ,Defoamer                                                                                             ,1.08096,LBS      ,Defoamer                                                                                             ,3.56875,,2.4877900000000004,69.71040280210158
SEP4E62FE02                    ,OMEGAPROTEIN   ,Omega Grow Fish Emulsion 5-1-1                                                                       ,1.07285,         ,Vented 4 Ever Green 62 Iron                                                                          ,3.49847,,2.4256200000000003,69.3337373194568
REC-NO3CU                      ,SHEPHERD       ,Fe Nitrate 10%                                                                                       ,0.45,         ,Copper Nitrate Solution - Receiving item for dilution                                                ,1.4556,,1.0056,69.08491343775763
REC-NO3CU                      ,WORLD METALS   ,Iron Nitrate 10% << dilute this mateiral to 10% >>                                                   ,0.45,LBS      ,Copper Nitrate Solution - Receiving item for dilution                                                ,1.4556,,1.0056,69.08491343775763
REC-NO3CU                      ,ERACHEM        ,Manganese Nitrate Solution - Receiving item for dilution                                             ,0.45,         ,Copper Nitrate Solution - Receiving item for dilution                                                ,1.4556,,1.0056,69.08491343775763
PHURYPLUS30                    ,THEANDERSONS   ,pHury / Ulti-Mate                                                                                    ,1.0374,         ,pHury Plus                                                                                           ,3.29187,,2.2544699999999995,68.48599732067183
PHURYPLUS30                    ,PRODICAL       ,                                                                                                     ,1.0374,         ,pHury Plus                                                                                           ,3.29187,,2.2544699999999995,68.48599732067183
SEP4EMIC250                    ,OMEGAPROTEIN   ,Omega Grow Fish Emulsion 5-1-1                                                                       ,1.07285,         ,4 Ever Micro Green                                                                                   ,3.37412,,2.3012699999999997,68.20356122485269
SEP4ECA02                      ,OMEGAPROTEIN   ,Omega Grow Fish Emulsion 5-1-1                                                                       ,1.07285,         ,4 Ever Green Calcium 8.25%                                                                           ,3.32563,,2.2527799999999996,67.73994701755757
ZZ5GAL                         ,ROPAK          ,                                                                                                     ,1.71129,         ,5 Gallon Pail                                                                                        ,5.22,,3.5087099999999998,67.21666666666667
ZZ5GAL                         ,SMITH CONTAINER,                                                                                                     ,1.71129,         ,5 Gallon Pail                                                                                        ,5.22,,3.5087099999999998,67.21666666666667
ZZ5GAL                         ,RIBELIN        ,                                                                                                     ,1.71129,         ,5 Gallon Pail                                                                                        ,5.22,,3.5087099999999998,67.21666666666667
MISCOIL250                     ,UNITEDAG       ,Citrus Soluble Oil                                                                                   ,2.10872,         ,Citrus Soluble Oil                                                                                   ,6.42,,4.31128,67.15389408099689
FLO021200                      ,NACHRSAL       ,                                                                                                     ,6.04208,         ,Dyna Flo K-Sil 0-2-12 w/ silicates                                                                   ,18.22,,12.177919999999999,66.83819978046103
ZZLIDS                         ,PENNBOTT       ,                                                                                                     ,1.2416,         ,Lids for 5 Gallon White Pails                                                                        ,3.59029,,2.34869,65.41783532806542
CHEGLUATEDRY                   ,UNIVAR         ,Sodium Gluconate                                                                                     ,0.65,         ,Sodium Gluconate                                                                                     ,1.84,,1.19,64.67391304347827
CHEGLUATEDRY                   ,VANWATER       ,                                                                                                     ,0.68,         ,Sodium Gluconate                                                                                     ,1.84,,1.1600000000000001,63.04347826086957
FLO801802                      ,NACHRSAL       ,                                                                                                     ,1.568,         ,N-ER-G / Dyna Flo 8-0-18                                                                             ,4.23167,,2.66367,62.946070936533324
1004-2753 SHAFT                ,EPAKINC        ,1004-2753 Shaft for ELF Conveyor Belt                                                                ,75.0,         ,1004-2753 Shaft for ELF Conveyor Belt                                                                ,200.6,,125.6,62.612163509471586
ZZ2.5GALF                      ,PACK           ,                                                                                                     ,1.6445,         ,2.5 F-style Jug/Box combo Haz-Mat                                                                    ,4.39,,2.7455,62.53986332574032
ZZ2.5GALF                      ,SMITH CONTAINER,                                                                                                     ,1.6445,         ,2.5 F-style Jug/Box combo Haz-Mat                                                                    ,4.39,,2.7455,62.53986332574032
NPKMKP                         ,VICKSBUR       ,                                                                                                     ,0.37501,         ,Mono Potassium Phosphate                                                                             ,1.00007,,0.62506,62.50162488625796
MISCDEFOAM                     ,HARCROSC       ,Defoamer                                                                                             ,1.35,LBS      ,Defoamer                                                                                             ,3.56875,,2.21875,62.17162872154115
ZZTANKSRESALE                  ,DURACASTPRODUCT,Tanks for Resale                                                                                     ,624.61,EACH5    ,Tanks for Resale                                                                                     ,1647.0,,1022.39,62.07589556769884
TRAVEL TIME                    ,ARMOR          ,Travel time to the job                                                                               ,90.0,         ,Travel time to the job                                                                               ,230.0,,140.0,60.86956521739131
ZZ30GAL                        ,RUSSELLS       ,                                                                                                     ,10.0,         ,30 Gallon Drum                                                                                       ,25.0,22.0,15.0,60.0
PHURYPLUS250                   ,PRODICAL       ,                                                                                                     ,1.0374,         ,pHury Plus                                                                                           ,2.58434,,1.54694,59.85822298923515
PHURYPLUS250                   ,THEANDERSONS   ,pHury / Ulti-Mate                                                                                    ,1.0374,         ,pHury Plus                                                                                           ,2.58434,,1.54694,59.85822298923515
FLO003000                      ,NACHRSAL       ,                                                                                                     ,2.1,         ,Dyna Flo 0-0-30 / Threshold 0-0-30 / Potash Plus / Max Stress Relefe / LiquiLizer 0-0-30             ,4.94667,,2.84667,57.547198418329906
MISCMETHPAR                    ,UNIVAR         ,Potassium Sorbate                                                                                    ,4.8672,         ,Methyl Paraben                                                                                       ,11.27083,,6.40363,56.81595765351797
MISCMETHPAR                    ,PCCHEMICALS    ,Sodium Hydroxide (dry caustic soda)                                                                  ,4.8672,LBS      ,Methyl Paraben                                                                                       ,11.27083,,6.40363,56.81595765351797
MISCMETHPAR                    ,VANWATER       ,                                                                                                     ,4.8672,         ,Methyl Paraben                                                                                       ,11.27083,,6.40363,56.81595765351797
MISCMETHPAR                    ,BELLCHEM       ,                                                                                                     ,4.8672,         ,Methyl Paraben                                                                                       ,11.27083,,6.40363,56.81595765351797
MISCMETHPAR                    ,CFSENTERPRISES ,Sodium Hydroxide (dry caustic soda)                                                                  ,4.8672,LBS      ,Methyl Paraben                                                                                       ,11.27083,,6.40363,56.81595765351797
MISCMETHPAR                    ,LA CHEMICAL CO ,Sodium Hydroxide (dry caustic soda)                                                                  ,4.8672,         ,Methyl Paraben                                                                                       ,11.27083,,6.40363,56.81595765351797
MISCMETHPAR                    ,HILL CHEM      ,Sodium Hydroxide (dry caustic soda)                                                                  ,4.8672,LBS      ,Methyl Paraben                                                                                       ,11.27083,,6.40363,56.81595765351797
MISCMETHPAR                    ,BAYCHEMI       ,                                                                                                     ,4.8672,         ,Methyl Paraben                                                                                       ,11.27083,,6.40363,56.81595765351797
MISCMETHPAR                    ,               ,                                                                                                     ,4.8672,         ,Methyl Paraben                                                                                       ,11.27083,,6.40363,56.81595765351797
MISCMETHPAR                    ,OCCIDENT       ,Sodium Hydroxide (dry caustic soda)                                                                  ,4.8672,         ,Methyl Paraben                                                                                       ,11.27083,,6.40363,56.81595765351797
FREIGHT                        ,TAYLORSFORKLIFT,Freight Charge:                                                                                      ,14.5,         ,Freight Charge:                                                                                      ,33.5,1185.0,19.0,56.71641791044776
MAC425DRY50#                   ,GROMORCO       ,                                                                                                     ,220.0,         ,4-2-5  Dry Bagged                                                                                    ,496.0,,276.0,55.64516129032258
ZZ5GALCAMO                     ,PENNBOTT       ,White 5 gallon Pails                                                                                 ,2.4347,         ,5 Gallon Camo Pail                                                                                   ,5.41,6.764056,2.9753000000000003,54.996303142329026
GREENFIRE02                    ,OMEGAPROTEIN   ,Omega Grow Fish Emulsion 5-1-1                                                                       ,1.01793,         ,Greenfire                                                                                            ,2.26161,,1.2436800000000001,54.990913552734554
6JE SLEEVE FOR LOVEJOY         ,MOTION         ,06282176 Sleeve 6JE                                                                                  ,31.5,         ,06282176 Sleeve 6JE                                                                                  ,69.98,,38.480000000000004,54.987139182623615
NPKPHOSDRYCDI                  ,DOUGLASPLANT   ,Phosphorous Acid 99% P2O5 85%                                                                        ,1.01693,         ,Phosphorous Acid 99% P2O5 85%                                                                        ,2.2,,1.1830700000000003,53.7759090909091
FLO15001600                    ,PRODICAL       ,                                                                                                     ,1.77285,         ,pHury                                                                                                ,3.70352,,1.93067,52.13067568151381
FREIGHT                        ,EPAKINC        ,Freight Charge:                                                                                      ,16.04,         ,Freight Charge:                                                                                      ,33.5,1185.0,17.46,52.11940298507463
ZZ30GAL                        ,INNOVATIVEWASTE,30 Gallon Drum                                                                                       ,12.0,         ,30 Gallon Drum                                                                                       ,25.0,22.0,13.0,52.0
LABOR CHARGES                  ,CONVEYOR       ,Labor Charges for Repair Work                                                                        ,90.0,         ,Labor Charges for Repair Work                                                                        ,187.5,,97.5,52.0
ZZ5GALCAMO                     ,TKSUPPLIES     ,5 Gallon Camo Pail                                                                                   ,2.6,         ,5 Gallon Camo Pail                                                                                   ,5.41,6.764056,2.81,51.940850277264325
MISC PARTS                     ,HYDHOSE        ,Misc. Parts                                                                                          ,9.75,         ,Misc. Parts                                                                                          ,20.0,,10.25,51.24999999999999
ZZ5GAL                         ,BOTTLECREW     ,5 Gallon Pail                                                                                        ,2.55,         ,5 Gallon Pail                                                                                        ,5.22,,2.67,51.14942528735632
PARTS FOR REPAIR WORK (MISC)   ,BULKMFG        ,Misc. parts for Safety Certification                                                                 ,1126.2,         ,Misc. parts for Safety Certification                                                                 ,2266.89,,1140.6899999999998,50.31960086285615
FLO801800                      ,NACHRSAL       ,                                                                                                     ,1.568,         ,N-ER-G / Dyna Flo 8-0-18                                                                             ,3.14567,,1.57767,50.15370334459749
ZZLIDS                         ,ALLAMERI       ,Brown 5 gallon pail lids                                                                             ,1.81,         ,Lids for 5 Gallon White Pails                                                                        ,3.59029,,1.78029,49.58624512226032
ZONN3002                       ,TESSENDE       ,                                                                                                     ,3.9617,         ,Dyna Zone N30 / Grizzly Nitro N-30 / JRM Triad 30 / GV N30                                           ,7.77544,10.668292,3.8137399999999997,49.04854259051577
SEP4EMIC00                     ,OMEGAPROTEIN   ,Omega Grow Fish Emulsion 5-1-1                                                                       ,1.07285,         ,4 Ever Micro Green                                                                                   ,2.07181,,0.9989600000000001,48.216776634923086
ZZ250GAL                       ,JOHNBELL       ,250 Gallon Mini Tank                                                                                 ,65.0,         ,250 Gallon IBC                                                                                       ,125.0,143.333333,60.0,48.0
ZZ250GAL                       ,JIMMYGRI       ,250 Gallon Mini Tank                                                                                 ,65.0,EACH5    ,250 Gallon IBC                                                                                       ,125.0,143.333333,60.0,48.0
ZZ5GALCAMO                     ,               ,                                                                                                     ,2.83,         ,5 Gallon Camo Pail                                                                                   ,5.41,6.764056,2.58,47.689463955637706
ZZ5GALCAMO                     ,ROPAK          ,                                                                                                     ,2.83,         ,5 Gallon Camo Pail                                                                                   ,5.41,6.764056,2.58,47.689463955637706
ZZ5GALCAMO                     ,SMITH CONTAINER,                                                                                                     ,2.83,         ,5 Gallon Camo Pail                                                                                   ,5.41,6.764056,2.58,47.689463955637706
ZZ5GALCAMO                     ,RIBELIN        ,                                                                                                     ,2.83,         ,5 Gallon Camo Pail                                                                                   ,5.41,6.764056,2.58,47.689463955637706
ZZ5GAL                         ,PENNBOTT       ,White 5 gallon Pails                                                                                 ,2.75,         ,5 Gallon Pail                                                                                        ,5.22,,2.4699999999999998,47.31800766283525
MISCDEFOAM                     ,BREWER         ,PICK UP IN VERO BEACH                                                                                ,1.88382,LBS      ,Defoamer                                                                                             ,3.56875,,1.68493,47.213450087565676
NPKMKP                         ,BELLCHEM       ,                                                                                                     ,0.53,         ,Mono Potassium Phosphate                                                                             ,1.00007,,0.47007,47.00370974031818
EDTAFEHE                       ,NACHRSAL       ,Iron HEDTA 4.5% Liquid                                                                               ,0.87934,         ,Iron HEDTA 4.5% Liquid                                                                               ,1.65,,0.7706599999999999,46.70666666666666
FLO3181800                     ,NACHRSAL       ,                                                                                                     ,2.35,         ,Dyna Flo 3-18-18 / Mega Feed 3-18-18                                                                 ,4.38971,,2.03971,46.46571185795872
MISCOIL02                      ,UNITEDAG       ,                                                                                                     ,3.77,         ,Citrus Soluble Oil                                                                                   ,6.9583,,3.1883000000000004,45.82009973700473
FREIGHT                        ,MOTION         ,Freight Charge:                                                                                      ,18.31,         ,Freight Charge:                                                                                      ,33.5,1185.0,15.190000000000001,45.343283582089555
MISCMETHPAR                    ,HALLSTAR       ,Methly Paraben                                                                                       ,6.21309,         ,Methyl Paraben                                                                                       ,11.27083,,5.05774,44.874601071970744
GEOTERR02                      ,THEANDERSONS   ,pHury / Ulti-Mate                                                                                    ,2.35,         ,Vented Grizzly Terrain  /   Duster Down                                                              ,4.2528,,1.9027999999999996,44.742287434161014
GEOTERR02                      ,PRODICAL       ,                                                                                                     ,2.35,         ,Vented Grizzly Terrain  /   Duster Down                                                              ,4.2528,,1.9027999999999996,44.742287434161014
ZZ2.5GALF                      ,TKSUPPLIES     ,2.5 Gallon F-Style                                                                                   ,2.43,EACH5    ,2.5 F-style Jug/Box combo Haz-Mat                                                                    ,4.39,,1.9599999999999995,44.64692482915717
ZZ2.5GALF                      ,PENNBOTT       ,F-Style Jugs                                                                                         ,2.43624,         ,2.5 F-style Jug/Box combo Haz-Mat                                                                    ,4.39,,1.9537599999999995,44.50478359908883
ZZ2.5GALCASE                   ,TKSUPPLIES     ,2.5 Gal Jug Case                                                                                     ,0.98,         ,2.5 Gallon Case Squat - Box Only                                                                     ,1.765,,0.7849999999999999,44.475920679886684
SO4CU                          ,DOUGLASPLANT   ,Copper Sulphate 25.2%                                                                                ,1.04684,         ,Copper Sulphate 25.2%                                                                                ,1.86,,0.8131600000000001,43.71827956989247
FLOKTS00                       ,TESSENDE       ,                                                                                                     ,2.34622,         ,Dyna Flo  0-0-25 17 / Excel 0-0-25 / Grizzly KODIAK / LiquiLizer KTS                                 ,4.05256,,1.7063399999999995,42.10523718340998
MAC1TIME                       ,K-TECHNOLOGIES ,Phosphoric Acid 21.5%                                                                                ,123.80952,         ,Dyna Flo 3-2-6                                                                                       ,209.2,,85.39047999999998,40.81762906309751
MRCCCN00                       ,MORSES ENT     ,                                                                                                     ,7.03278,         ,Copper Count N                                                                                       ,11.75387,,4.721089999999999,40.16626013389632
SOILPLEX02                     ,OMEGAPROTEIN   ,Omega Grow Fish Emulsion 5-1-1                                                                       ,0.63058,         ,Soil Plex  > white jugs & vented caps                                                                ,1.05329,,0.42271000000000003,40.13234721681588
FERTAFL02                      ,OMEGAPROTEIN   ,Omega Grow Fish Emulsion 5-1-1                                                                       ,0.63058,         ,FertaFlow White Jugs & Vented Caps                                                                   ,1.05327,,0.4226899999999999,40.13121042087973
ZZ250GAL                       ,TERRAFEED      ,250 Gallon IBC                                                                                       ,75.0,         ,250 Gallon IBC                                                                                       ,125.0,143.333333,50.0,40.0
ZZ2.5GAL                       ,SMITH CONTAINER,                                                                                                     ,1.5288,         ,2.5 Gallon  Jug Squat/Box Combo DO NOT USE                                                           ,2.54643,,1.01763,39.963007033376144
ZZ2.5GAL                       ,PACK           ,                                                                                                     ,1.5288,         ,2.5 Gallon  Jug Squat/Box Combo DO NOT USE                                                           ,2.54643,,1.01763,39.963007033376144
ZZ2.5GAL                       ,PACKAGESUPPLY  ,                                                                                                     ,1.5288,         ,2.5 Gallon  Jug Squat/Box Combo DO NOT USE                                                           ,2.54643,,1.01763,39.963007033376144
GRPFOLIC                       ,GRAYMORCHEM    ,Folic Acid Dry                                                                                       ,19.27787,         ,Folic Acid Dry                                                                                       ,32.0,,12.72213,39.75665625
FLO15001600                    ,THEANDERSONS   ,pHury / Ulti-Mate                                                                                    ,2.25,         ,pHury                                                                                                ,3.70352,,1.4535200000000001,39.24698665053787
LABOR CHARGES                  ,ALERTTIR       ,Labor Charges for Repair Work                                                                        ,115.0,         ,Labor Charges for Repair Work                                                                        ,187.5,,72.5,38.666666666666664
NO3CU                          ,SHEPHERD       ,Copper Nitrate 18%                                                                                   ,0.71,LBS      ,Copper Nitrate 14%                                                                                   ,1.14072,,0.43072,37.75860859807841
ZONN30250                      ,TESSENDE       ,                                                                                                     ,3.9617,         ,Dyna Zone N30 / Grizzly Nitro N-30 / JRM Triad 30 / GV N30                                           ,6.34407,,2.3823700000000003,37.552706700903364
FLO091802                      ,NACHRSAL       ,                                                                                                     ,4.0,         ,Dyna Flo 0-9-18                                                                                      ,6.398,,2.3979999999999997,37.48046264457643
BIA0252002                     ,BIAGROWE       ,                                                                                                     ,3.36274,         ,Nutri Phite Fungi-Phite                                                                              ,5.3045,9.07,1.94176,36.60590065039118
DYNASURF00                     ,THEANDERSONS   ,pHury / Ulti-Mate                                                                                    ,4.4289,         ,Dynasurf                                                                                             ,6.976,,2.5471000000000004,36.51232798165138
DYNASURF00                     ,PRODICAL       ,                                                                                                     ,4.4289,         ,Dynasurf                                                                                             ,6.976,,2.5471000000000004,36.51232798165138
ZZ5GALCAMO                     ,BOTTLECREW     ,5 Gallon Camo Pail                                                                                   ,3.45,         ,5 Gallon Camo Pail                                                                                   ,5.41,6.764056,1.96,36.22920517560074
LABOR CHARGES                  ,TAYLORSFORKLIFT,Labor Charges for Repair Work                                                                        ,120.0,         ,Labor Charges for Repair Work                                                                        ,187.5,,67.5,36.0
MICROBML02                     ,TESSENDE       ,                                                                                                     ,2.8342,         ,Vented Microbe Meal / Rootein                                                                        ,4.42632,,1.5921199999999995,35.969383144463116
GRPMERGE05                     ,ACETO          ,                                                                                                     ,1.80288,         ,Merge                                                                                                ,2.75,,0.94712,34.44072727272727
GRPMERGE05                     ,SCHWEIZE       ,                                                                                                     ,1.80288,         ,Merge                                                                                                ,2.75,,0.94712,34.44072727272727
GRPMERGE05                     ,PATHWAYBIO     ,Merge                                                                                                ,1.80288,         ,Merge                                                                                                ,2.75,,0.94712,34.44072727272727
NPKKSIO2HI                     ,PQCORPORATION  ,Potassium Silicate 0-0-8                                                                             ,1.68472,         ,Potassium Silicate 0-0-12 - AgSil 21                                                                 ,2.55627,,0.87155,34.09459877086537
NPKKSIO2HI                     ,LIDOCHEM       ,                                                                                                     ,1.68472,         ,Potassium Silicate 0-0-12 - AgSil 21                                                                 ,2.55627,,0.87155,34.09459877086537
NPKKSIO2HI                     ,GROTECHCHEMICAL,Mono Potassium Phosphate                                                                             ,1.68472,         ,Potassium Silicate 0-0-12 - AgSil 21                                                                 ,2.55627,,0.87155,34.09459877086537
NPKKSIO2HI                     ,SOUTHERNA      ,Mono Potassium Phosphate                                                                             ,1.68472,         ,Potassium Silicate 0-0-12 - AgSil 21                                                                 ,2.55627,,0.87155,34.09459877086537
NPKKSIO2HI                     ,VICKSBUR       ,                                                                                                     ,1.68472,         ,Potassium Silicate 0-0-12 - AgSil 21                                                                 ,2.55627,,0.87155,34.09459877086537
NPKKSIO2HI                     ,HARRELLS       ,                                                                                                     ,1.68472,         ,Potassium Silicate 0-0-12 - AgSil 21                                                                 ,2.55627,,0.87155,34.09459877086537
NPKKSIO2HI                     ,BELLCHEM       ,                                                                                                     ,1.68472,         ,Potassium Silicate 0-0-12 - AgSil 21                                                                 ,2.55627,,0.87155,34.09459877086537
NPKKSIO2HI                     ,PLANTFOO       ,                                                                                                     ,1.68472,         ,Potassium Silicate 0-0-12 - AgSil 21                                                                 ,2.55627,,0.87155,34.09459877086537
OMFISH+00                      ,OMEGAPROTEIN   ,Omega Grow Plus Fish Emulsion Protein 3-1-1                                                          ,3.06843,         ,Dyna Flo Fish  3-1-1                                                                                 ,4.612,,1.5435699999999999,33.46856027753686
ZZ55GAL                        ,PIONEER        ,55 Gallon Drum (white)                                                                               ,12.0,         ,55 Gallon Drum                                                                                       ,18.0,,6.0,33.33333333333333
ZZ2.5GAL                       ,BOTTLECREW     ,2.5 Gallon  Jug Squat                                                                                ,1.69804,         ,2.5 Gallon  Jug Squat/Box Combo DO NOT USE                                                           ,2.54643,,0.84839,33.3168396539469
PHURYPHOS30                    ,THEANDERSONS   ,pHury / Ulti-Mate                                                                                    ,4.9143,         ,pHury Phos                                                                                           ,7.30883,,2.3945300000000005,32.762152081796955
PHURYPHOS30                    ,PRODICAL       ,                                                                                                     ,4.9143,         ,pHury Phos                                                                                           ,7.30883,,2.3945300000000005,32.762152081796955
MISCBTERGE                     ,UNIVAR         ,Bio Terge PAS-8S                                                                                     ,1.97,         ,Bio Terge PAS-8S                                                                                     ,2.90333,,0.93333,32.146879617542616
OXZN                           ,CHEMTRADE      ,Zinc Oxide 99.9% as ZnO                                                                              ,1.35,         ,Zinc Oxide 99.9% as ZnO                                                                              ,1.98745,,0.6374499999999999,32.073762861958784
OXZN                           ,MADISON INDUSTR,Zinc Oxide 99.9% as ZnO                                                                              ,1.35,         ,Zinc Oxide 99.9% as ZnO                                                                              ,1.98745,,0.6374499999999999,32.073762861958784
GRPSEAEX                       ,ROPERGRO       ,                                                                                                     ,1.64421,         ,Soluble Seaweed Extract                                                                              ,2.38007,,0.73586,30.91757805442697
GRPSEAEX                       ,PBOHRSTROM     ,                                                                                                     ,1.64421,         ,Soluble Seaweed Extract                                                                              ,2.38007,,0.73586,30.91757805442697
FLOMOLA05                      ,TESSENDE       ,                                                                                                     ,1.95606,         ,Dyna Flo Molasses / Xtreme Brix / Bay Cane Molasses / JRM Molasses                                   ,2.8255,6.55,0.86944,30.7711909396567
FLOFULVIC02                    ,TESSENDE       ,                                                                                                     ,19.05,         ,Dyna Flo Fulvic Acid Liquid 30%                                                                      ,27.43789,31.75,8.387889999999999,30.57046296198432
MRCCCN00                       ,CHEMSPEC       ,Copper Count N                                                                                       ,8.2,         ,Copper Count N                                                                                       ,11.75387,,3.55387,30.23574363167195
ZZ30GAL                        ,DRUMSINC       ,                                                                                                     ,17.5,         ,30 Gallon Drum                                                                                       ,25.0,22.0,7.5,30.0
PHURYFE05                      ,PRODICAL       ,                                                                                                     ,3.92098,         ,pHury w/Iron                                                                                         ,5.578,,1.6570200000000002,29.706346360702764
PHURYFE05                      ,THEANDERSONS   ,pHury / Ulti-Mate                                                                                    ,3.92098,         ,pHury w/Iron                                                                                         ,5.578,,1.6570200000000002,29.706346360702764
NPKKSIO2                       ,PQCORPORATION  ,Potassium Silicate 0-0-8                                                                             ,1.19355,         ,Potassium Silicate 0-0-8 - AgSil 25                                                                  ,1.6849,,0.49134999999999995,29.16196806932162
GRPFULVIC                      ,QUIMICA        ,                                                                                                     ,1.90974,         ,Fulvic Acid Liquid 30%                                                                               ,2.69444,,0.7847000000000002,29.122934635768477
FLO501250                      ,NACHRSAL       ,                                                                                                     ,1.568,         ,Dyna Flo 5-0-1 with Minors                                                                           ,2.20666,,0.6386599999999998,28.942383511732654
ZZ2.5GALTALL                   ,PACK           ,                                                                                                     ,1.66,         ,2.5 Gallon Tall F Solo Jug                                                                           ,2.33594,,0.67594,28.936530904047192
ZZ2.5GALTALL                   ,PENNBOTT       ,F-Style Jugs Fluorinated                                                                             ,1.66,EACH5    ,2.5 Gallon Tall F Solo Jug                                                                           ,2.33594,,0.67594,28.936530904047192
ZZ2.5GALTALL                   ,TKSUPPLIES     ,2.5 Gallon F-Style Florinated                                                                        ,1.66,EACH5    ,2.5 Gallon Tall F Solo Jug                                                                           ,2.33594,,0.67594,28.936530904047192
ZZ2.5GALTALL                   ,SMITH CONTAINER,                                                                                                     ,1.66,         ,2.5 Gallon Tall F Solo Jug                                                                           ,2.33594,,0.67594,28.936530904047192
PHURYHUM00                     ,THEANDERSONS   ,pHury / Ulti-Mate                                                                                    ,3.51,         ,pHury Hume                                                                                           ,4.915,,1.4050000000000002,28.58596134282808
PHURYHUM00                     ,PRODICAL       ,                                                                                                     ,3.51,         ,pHury Hume                                                                                           ,4.915,,1.4050000000000002,28.58596134282808
ZZ5GALTH                       ,TKSUPPLIES     ,White 5gal Tight Head                                                                                ,9.375,         ,5 Gallon Jug - White/Tite Head                                                                       ,13.09,,3.715,28.380443086325442
FLOMOLA02                      ,TESSENDE       ,                                                                                                     ,1.95606,         ,Dyna Flo Molasses / Xtreme Brix / Bay Cane Molasses / JRM Molasses                                   ,2.73,5.630769,0.7739400000000001,28.34945054945055
ZZLIDSVENTED                   ,RIEKECOR       ,                                                                                                     ,0.92364,         ,Vented Lids for 5 Gal Pails                                                                          ,1.27,,0.34636,27.272440944881886
NO3CU                          ,WORLD METALS   ,Copper Nitrate 14%                                                                                   ,0.83405,         ,Copper Nitrate 14%                                                                                   ,1.14072,,0.30667,26.883897889052527
EDTAFEHE                       ,COREAG         ,Iron HEDTA 4.5% Liquid                                                                               ,1.24763,         ,Iron HEDTA 4.5% Liquid                                                                               ,1.65,,0.4023699999999999,24.3860606060606
REPACK02                       ,OMEGAPROTEIN   ,Omega Grow Fish Emulsion 5-1-1                                                                       ,1.05783,         ,Repack:                                                                                              ,1.38076,2.722895,0.32292999999999994,23.387844375561283
ZZLIDSCAMO                     ,BOTTLECREW     ,Camo Lids for 50 LB Buckets                                                                          ,1.7,         ,Camo Lids for 50 LB Buckets                                                                          ,2.21351,3.081726,0.5135099999999999,23.198901292517313
GRPFOLIC                       ,BARRINGTONCHEM ,Folic Acid Dry                                                                                       ,24.87671,         ,Folic Acid Dry                                                                                       ,32.0,,7.123290000000001,22.260281250000002
GRPFOLIC                       ,ACETO          ,Folic Acid Dry                                                                                       ,24.87671,         ,Folic Acid Dry                                                                                       ,32.0,,7.123290000000001,22.260281250000002
REPLACE BED ON F350            ,PREMIER        ,Replace Bed on F350                                                                                  ,2420.17,         ,Replace Bed on F350                                                                                  ,3058.38,,638.21,20.867583491914022
PHURYMG250                     ,PRODICAL       ,                                                                                                     ,3.51,         ,pHury w/Magnesium                                                                                    ,4.4322,,0.9222000000000001,20.806822796805204
PHURYMG250                     ,THEANDERSONS   ,pHury / Ulti-Mate                                                                                    ,3.51,         ,pHury w/Magnesium                                                                                    ,4.4322,,0.9222000000000001,20.806822796805204
GEOTERR00                      ,PRODICAL       ,                                                                                                     ,2.2965,         ,Vented Grizzly Terrain  /  Duster Down                                                               ,2.8716,,0.5751,20.027162557459256
GEOTERR00                      ,THEANDERSONS   ,pHury / Ulti-Mate                                                                                    ,2.2965,         ,Vented Grizzly Terrain  /  Duster Down                                                               ,2.8716,,0.5751,20.027162557459256
ZZ250GAL                       ,DRUMSINC       ,                                                                                                     ,100.0,         ,250 Gallon IBC                                                                                       ,125.0,143.333333,25.0,20.0
ZZ30GAL                        ,PIONEER        ,30 Gallon Drum (Blue)                                                                                ,20.0,         ,30 Gallon Drum                                                                                       ,25.0,22.0,5.0,20.0
PHURYPHOS02                    ,THEANDERSONS   ,pHury / Ulti-Mate                                                                                    ,6.55483,         ,pHury Phos *>Do Not Sell In Buckets<<**                                                              ,8.188,16.2,1.6331700000000007,19.945896433805576
PHURYPHOS02                    ,PRODICAL       ,                                                                                                     ,6.55483,         ,pHury Phos *>Do Not Sell In Buckets<<**                                                              ,8.188,16.2,1.6331700000000007,19.945896433805576
HYDROLIC OIL (1 GAL)           ,TAYLORSFORKLIFT,R?O Hydraulic Oil (1 gal)                                                                            ,27.48,         ,R?O Hydraulic Oil (1 gal)                                                                            ,33.99,,6.510000000000002,19.15269196822595
ZZ2.5GAL                       ,PENNBOTT       ,2.5 Gallon Jug                                                                                       ,2.07398,         ,2.5 Gallon  Jug Squat/Box Combo DO NOT USE                                                           ,2.54643,,0.4724499999999998,18.55342577647922
BIA0252000                     ,BIAGROWE       ,                                                                                                     ,3.36274,         ,Nutri Phite Fungi-Phite                                                                              ,4.10245,,0.7397100000000001,18.0309327353167
9-2-7 W/1-4CA-3MG              ,FLORIDAFERTCO  ,2312-0007                                                                                            ,373.44,         ,2312-0007                                                                                            ,454.2485,,80.80849999999998,17.789491875041964
GREENFIRE00                    ,OMEGAPROTEIN   ,Omega Grow Fish Emulsion 5-1-1                                                                       ,1.01793,         ,Greenfire                                                                                            ,1.23361,,0.2156800000000001,17.483645560590467
ZZ2.5GALWH                     ,TKSUPPLIES     ,2.5 Gal Jug White                                                                                    ,2.03,         ,2.5 Gallon Jug White                                                                                 ,2.45667,,0.4266700000000001,17.367819039594252
ZZLIDSCAMO                     ,TKSUPPLIES     ,Camo Lids for 50 LB Buckets                                                                          ,1.83585,         ,Camo Lids for 50 LB Buckets                                                                          ,2.21351,3.081726,0.3776599999999999,17.06158996345171
GRPHUMICDRY                    ,LIGNOTEC       ,                                                                                                     ,2.29063,         ,Humic Acid Dry                                                                                       ,2.75,,0.45936999999999983,16.70436363636363
SO4CU                          ,BAYCHEMI       ,                                                                                                     ,1.55,         ,Copper Sulphate 25.2%                                                                                ,1.86,,0.31000000000000005,16.666666666666668
MISCINTGR80                    ,BREWER         ,                                                                                                     ,1.7222,         ,T-DET EPO 62 soil wetting agent                                                                      ,2.06,,0.3378000000000001,16.398058252427187
MISCINTGR80                    ,TRIANGLE PC    ,Irrigate Gold                                                                                        ,1.7222,         ,T-DET EPO 62 soil wetting agent                                                                      ,2.06,,0.3378000000000001,16.398058252427187
SERVICE CALL ON THE ROAD       ,PLANT CITY LOCK,Road Call Service Call                                                                               ,79.5,         ,Road Call Service Call                                                                               ,95.0,,15.5,16.315789473684212
5JE SLEEVE FOR LOVEJOY         ,MOTION         ,00513405 Sleeve 5JE                                                                                  ,18.48,         ,00513405 Sleeve 5JE                                                                                  ,22.0375,,3.557500000000001,16.142938173567785
NO3CU                          ,CHEMSPEC       ,Copper Nitrate 17%                                                                                   ,0.96,         ,Copper Nitrate 14%                                                                                   ,1.14072,,0.18072,15.842625710077845
GRPFOLIC                       ,FLORIDAMINERAL ,Folic Acid Dry                                                                                       ,27.0,         ,Folic Acid Dry                                                                                       ,32.0,,5.0,15.625
FLO021255                      ,NACHRSAL       ,                                                                                                     ,12.9742,         ,Dyna Flo K-Sil 0-2-12 w/ silicates                                                                   ,15.36636,,2.3921600000000005,15.567512410225978
SO4CU                          ,OLDBRIDG       ,Copper Sulphate 25.2%                                                                                ,1.58,         ,Copper Sulphate 25.2%                                                                                ,1.86,,0.28,15.053763440860216
NPKMKP                         ,PLANTFOO       ,                                                                                                     ,0.85,         ,Mono Potassium Phosphate                                                                             ,1.00007,,0.15007000000000004,15.005949583529157
PHURYPHOS250                   ,THEANDERSONS   ,pHury / Ulti-Mate                                                                                    ,5.64511,         ,pHury Phos                                                                                           ,6.61111,15.2,0.9660000000000002,14.611767161641541
PHURYPHOS250                   ,PRODICAL       ,                                                                                                     ,5.64511,         ,pHury Phos                                                                                           ,6.61111,15.2,0.9660000000000002,14.611767161641541
OXZN                           ,BAYCHEMI       ,                                                                                                     ,1.7,         ,Zinc Oxide 99.9% as ZnO                                                                              ,1.98745,,0.28745,14.463256937281441
OXZN                           ,OLDBRIDG       ,Zinc Oxide 99.9% as ZnO                                                                              ,1.7,         ,Zinc Oxide 99.9% as ZnO                                                                              ,1.98745,,0.28745,14.463256937281441
FLO091855                      ,NACHRSAL       ,                                                                                                     ,4.0,         ,Dyna Flo 0-9-18                                                                                      ,4.65945,,0.6594499999999996,14.152957967142038
ZONN3055                       ,TESSENDE       ,                                                                                                     ,4.20994,         ,Dyna Zone N30 / Grizzly Nitro N-30 / JRM Triad 30  / GV N30                                          ,4.892,,0.6820600000000008,13.942354865085868
ZONN2800                       ,TESSENDE       ,                                                                                                     ,3.70013,         ,Dyna Zone N28 /Threshold N28 / Ultra Green 28-0-0 / Tech Line 28-0-0                                 ,4.29653,,0.5963999999999996,13.880969061079515
PHURYHUM250                    ,THEANDERSONS   ,pHury / Ulti-Mate                                                                                    ,5.08,         ,pHury Hume                                                                                           ,5.87264,,0.7926399999999996,13.497166521360063
PHURYHUM250                    ,PRODICAL       ,                                                                                                     ,5.08,         ,pHury Hume                                                                                           ,5.87264,,0.7926399999999996,13.497166521360063
ACS030002                      ,OMEGAPROTEIN   ,Omega Grow Fish Emulsion 5-1-1                                                                       ,0.918,         ,ACS Molasses (Terra Feed)                                                                            ,1.06036,,0.14235999999999993,13.425629031649622
BREWMSO02                      ,BREWER         ,Farmer Supply MSO                                                                                    ,9.05,         ,Farmer Supply MSO                                                                                    ,10.43889,,1.38889,13.304958668977257
FLO50100                       ,NACHRSAL       ,                                                                                                     ,1.568,         ,Dyna Flo 5-0-1 with Minors / CNS Mirco 5-0-1                                                         ,1.80666,,0.23865999999999987,13.210011845062153
MISCKSORBDRY                   ,BRENNTAG       ,Potassium Sorbate                                                                                    ,3.95,         ,Potassium Sorbate Dry                                                                                ,4.52066,,0.5706600000000002,12.623378002327096
ZZ2.5GALFFL                    ,BOTTLECREW     ,2.5 Gallon Solo Jug                                                                                  ,2.065,         ,2.5 Gallon Squat Solo Jug                                                                            ,2.36,,0.29499999999999993,12.499999999999996
PHURYPHOS05                    ,THEANDERSONS   ,pHury / Ulti-Mate                                                                                    ,5.76488,         ,pHury Phos *>Do Not Sell In Buckets<<**                                                              ,6.55483,,0.7899500000000002,12.051418572258932
PHURYPHOS05                    ,PRODICAL       ,                                                                                                     ,5.76488,         ,pHury Phos *>Do Not Sell In Buckets<<**                                                              ,6.55483,,0.7899500000000002,12.051418572258932
15W40 DIIESEL OIL (1 GAL)      ,NAPA AUTO PARTS,15W40 Diesel Oil ROT T4 (1 gal)                                                                      ,22.49,         ,15W40 Diesel Oil ROT T4 (1 gal)                                                                      ,25.49,,3.0,11.769321302471559
MISCKSORBDRY                   ,HARCROSC       ,Potassium Sorbate Dry                                                                                ,3.99,         ,Potassium Sorbate Dry                                                                                ,4.52066,,0.5306600000000001,11.738551450451927
ZZ2.5GALTALL                   ,BOTTLECREW     ,2.5 Gallon Solo Jug                                                                                  ,2.065,         ,2.5 Gallon Tall F Solo Jug                                                                           ,2.33594,,0.27093999999999996,11.598756817384007
PHURYMG00                      ,THEANDERSONS   ,pHury / Ulti-Mate                                                                                    ,3.51,         ,pHury w/Magnesium                                                                                    ,3.9322,,0.42220000000000013,10.736992014648292
PHURYMG00                      ,PRODICAL       ,                                                                                                     ,3.51,         ,pHury w/Magnesium                                                                                    ,3.9322,,0.42220000000000013,10.736992014648292
GRO1311619250                  ,AMERICANAG     ,Dyna Gro Nut # 1311619 / Citra Guard                                                                 ,8.3132,         ,Citra Guard XP                                                                                       ,9.3118,16.221465,0.9985999999999997,10.724027577911894
ZONN3000                       ,TESSENDE       ,                                                                                                     ,5.21965,         ,Dyna Zone N30 / Grizzly Nitro N-30 / JRM Triad 30 / GV N30                                           ,5.84408,,0.6244300000000003,10.684829776457548
ZZ2.5GAL                       ,TKSUPPLIES     ,2.5 Gal Jug                                                                                          ,2.28,         ,2.5 Gallon  Jug Squat/Box Combo DO NOT USE                                                           ,2.54643,,0.26643000000000017,10.462883330780747
ZZ2.5GALWH                     ,PENNBOTT       ,2.5 Gallon Jug                                                                                       ,2.206,         ,2.5 Gallon Jug White                                                                                 ,2.45667,,0.25066999999999995,10.203649655834928
ZZ2.5GALWH                     ,INMARK         ,                                                                                                     ,2.206,         ,2.5 Gallon Jug White                                                                                 ,2.45667,,0.25066999999999995,10.203649655834928
ZZ2.5GALWH                     ,               ,                                                                                                     ,2.206,         ,2.5 Gallon Jug White                                                                                 ,2.45667,,0.25066999999999995,10.203649655834928
ZZ2.5GALWH                     ,PACKAGESUPPLY  ,                                                                                                     ,2.206,         ,2.5 Gallon Jug White                                                                                 ,2.45667,,0.25066999999999995,10.203649655834928
ZZ2.5GALWH                     ,PACK           ,                                                                                                     ,2.206,         ,2.5 Gallon Jug White                                                                                 ,2.45667,,0.25066999999999995,10.203649655834928
ZZ2.5GALWH                     ,SMITH CONTAINER,                                                                                                     ,2.206,         ,2.5 Gallon Jug White                                                                                 ,2.45667,,0.25066999999999995,10.203649655834928
PHURYHUM30                     ,PRODICAL       ,                                                                                                     ,5.08,         ,pHury Hume                                                                                           ,5.64827,,0.56827,10.060956717720648
PHURYHUM30                     ,THEANDERSONS   ,pHury / Ulti-Mate                                                                                    ,5.08,         ,pHury Hume                                                                                           ,5.64827,,0.56827,10.060956717720648
GRPALGAE                       ,PBOHRSTROM     ,                                                                                                     ,1.52177,         ,OceanGlas                                                                                            ,1.69187,2.2,0.17009999999999992,10.053963957041612
GRPALGAE                       ,ROPERGRO       ,                                                                                                     ,1.52177,         ,OceanGlas                                                                                            ,1.69187,2.2,0.17009999999999992,10.053963957041612
BIA0282600                     ,BIAGROWE       ,                                                                                                     ,3.02512,         ,Nutri Phite P & K 0-28-26 /  Quali-Phite                                                             ,3.36274,,0.33762000000000025,10.040026882839596
